<ImportExportXml xmlns:xsi="http://www.w3.org/2001/XMLSchema-instance">
  <Entities></Entities>
  <Roles></Roles>
  <Workflows></Workflows>
  <FieldSecurityProfiles></FieldSecurityProfiles>
  <Templates />
  <EntityMaps />
  <EntityRelationships />
  <OrganizationSettings />
  <optionsets />
  <CustomControls />
  <EntityDataProviders />
  <CanvasApps>
    <CanvasApp>
      <Name>crea9_powerappschessmalekplay_b6e0f</Name>
      <AppVersion>2022-08-30T19:57:42Z</AppVersion>
      <Status>Ready</Status>
      <CreatedByClientVersion>3.22083.10.0</CreatedByClientVersion>
      <MinClientVersion>3.22083.10.0</MinClientVersion>
      <Tags>{"primaryDeviceWidth":"1366","primaryDeviceHeight":"768","supportsPortrait":"false","supportsLandscape":"true","primaryFormFactor":"Tablet","publisherVersion":"3.22083.10","minimumRequiredApiVersion":"2.2.0","hasComponent":"false","hasUnlockedComponent":"false","isUnifiedRootApp":"false","sienaVersion":"20220830T195742Z-3.22083.10.0"}</Tags>
      <IsCdsUpgraded>0</IsCdsUpgraded>
      <GalleryItemId xsi:nil="true"></GalleryItemId>
      <BackgroundColor>rgba(0, 138, 0, 1)</BackgroundColor>
      <DisplayName>Power Apps Chess - Malek Play</DisplayName>
      <Description>Chess Merit Badge App</Description>
      <CommitMessage xsi:nil="true"></CommitMessage>
      <Publisher xsi:nil="true"></Publisher>
      <AuthorizationReferences>[]</AuthorizationReferences>
      <ConnectionReferences>{"8853cc0b-930b-4469-b225-66aae2b0cc7b":{"id":"/providers/microsoft.powerapps/apis/shared_chessphp-5fc45a4d16a39b023e-5f969e8f3b57dcbe70","displayName":"ChessPHP","iconUri":"https://az787822.vo.msecnd.net/defaulticons/api-dedicated.png","dataSources":["ChessPHP"],"dependencies":[],"dependents":[],"parameterHints":{},"parameterHintsV2":{},"isOnPremiseConnection":false,"dataSets":{},"apiTier":"Standard","actions":["Players","Menu","Move","Game"],"isCustomApiSolutionAware":false}}</ConnectionReferences>
      <DatabaseReferences>{}</DatabaseReferences>
      <AppComponents>[]</AppComponents>
      <AppComponentDependencies>[]</AppComponentDependencies>
      <CanConsumeAppPass>1</CanConsumeAppPass>
      <CanvasAppType>0</CanvasAppType>
      <BypassConsent>0</BypassConsent>
      <AdminControlBypassConsent>0</AdminControlBypassConsent>
      <EmbeddedApp xsi:nil="true"></EmbeddedApp>
      <IntroducedVersion>1.0</IntroducedVersion>
      <CdsDependencies>{"cdsdependencies":[]}</CdsDependencies>
      <IsCustomizable>1</IsCustomizable>
      <BackgroundImageUri>/CanvasApps/crea9_powerappschessmalekplay_b6e0f_BackgroundImageUri</BackgroundImageUri>
      <DocumentUri>/CanvasApps/crea9_powerappschessmalekplay_b6e0f_DocumentUri.msapp</DocumentUri>
    </CanvasApp>
  </CanvasApps>
  <Languages>
    <Language>1033</Language>
  </Languages>
</ImportExportXml>