<ImportExportXml xmlns:xsi="http://www.w3.org/2001/XMLSchema-instance" OrganizationVersion="9.2.24112.178" OrganizationSchemaType="Standard" CRMServerServiceabilityVersion="9.2.24113.00160">
  <Entities></Entities>
  <Roles></Roles>
  <Workflows></Workflows>
  <FieldSecurityProfiles></FieldSecurityProfiles>
  <Templates />
  <EntityMaps />
  <EntityRelationships />
  <OrganizationSettings />
  <optionsets />
  <CustomControls />
  <AppModuleSiteMaps>
    <AppModuleSiteMap>
      <SiteMapUniqueName>cr693_MDAShapeControlsApp</SiteMapUniqueName>
      <EnableCollapsibleGroups>True</EnableCollapsibleGroups>
      <ShowHome>True</ShowHome>
      <ShowPinned>True</ShowPinned>
      <ShowRecents>True</ShowRecents>
      <SiteMap IntroducedVersion="7.0.0.0">
        <Area Id="area_7881523c" ResourceId="SitemapDesigner.NewTitle" DescriptionResourceId="SitemapDesigner.NewTitle" ShowGroups="true" IntroducedVersion="7.0.0.0">
          <Titles>
            <Title LCID="1033" Title="Area1" />
          </Titles>
          <Group Id="group_2fbf7a01" ResourceId="SitemapDesigner.NewGroup" DescriptionResourceId="SitemapDesigner.NewGroup" IntroducedVersion="7.0.0.0" IsProfile="false" ToolTipResourseId="SitemapDesigner.Unknown">
            <SubArea Id="subarea_67e236e6" Icon="/_imgs/imagestrips/transparent_spacer.gif" Client="All,Outlook,OutlookLaptopClient,OutlookWorkstationClient,Web" AvailableOffline="true" PassParams="true" Sku="All,OnPremise,Live,SPLA" Page="cr693_screen3_c4141">
              <Titles>
                <Title LCID="1033" Title="Screen3" />
              </Titles>
            </SubArea>
            <SubArea Id="subarea_8e63c387" Icon="/_imgs/imagestrips/transparent_spacer.gif" Client="All,Outlook,OutlookLaptopClient,OutlookWorkstationClient,Web" AvailableOffline="true" PassParams="false" Sku="All,OnPremise,Live,SPLA" Page="cr693_shapecontrolspage_96a71">
              <Titles>
                <Title LCID="1033" Title="ShapeControls_Page" />
              </Titles>
            </SubArea>
          </Group>
        </Area>
      </SiteMap>
      <LocalizedNames>
        <LocalizedName description="MDAShapeControlsApp" languagecode="1033" />
      </LocalizedNames>
    </AppModuleSiteMap>
  </AppModuleSiteMaps>
  <AppModules>
    <AppModule>
      <UniqueName>cr693_MDAShapeControlsApp</UniqueName>
      <IntroducedVersion>1.0.0.0</IntroducedVersion>
      <WebResourceId>953b9fac-1e5e-e611-80d6-00155ded156f</WebResourceId>
      <OptimizedFor></OptimizedFor>
      <statecode>0</statecode>
      <statuscode>1</statuscode>
      <FormFactor>1</FormFactor>
      <ClientType>4</ClientType>
      <NavigationType>0</NavigationType>
      <AppModuleComponents>
        <AppModuleComponent type="62" schemaName="cr693_MDAShapeControlsApp" />
      </AppModuleComponents>
      <AppModuleRoleMaps>
        <Role id="{627090ff-40a3-4053-8790-584edc5be201}" />
        <Role id="{119f245c-3cc8-4b62-b31c-d1a046ced15d}" />
      </AppModuleRoleMaps>
      <LocalizedNames>
        <LocalizedName description="MDAShapeControlsApp" languagecode="1033" />
      </LocalizedNames>
      <Descriptions>
        <Description description="Discover the potential of MDAShapeControlsApp, currently in initial development, designed to streamline and enhance your business processes. Empower your team with a robust tool tailored for efficient and effective operations." languagecode="1033" />
      </Descriptions>
      <appelements>
        <appelement uniquename="cr693_cr693_MDAShapeControlsApp_canvasappid_cr693_shapecontrolspage_96a71">
          <canvasappid>
            <name>cr693_shapecontrolspage_96a71</name>
          </canvasappid>
          <iscustomizable>1</iscustomizable>
          <name>cr693_cr693_MDAShapeControlsApp_canvasappid_cr693_shapecontrolspage_96a71</name>
        </appelement>
      </appelements>
      <appsettings>
        <appsetting settingdefinitionid.uniquename="AppChannel">
          <iscustomizable>1</iscustomizable>
          <value>1</value>
        </appsetting>
      </appsettings>
    </AppModule>
  </AppModules>
  <EntityDataProviders />
  <CanvasApps>
    <CanvasApp>
      <Name>cr693_shapecontrolspage_96a71</Name>
      <AppVersion>2024-11-28T16:12:48Z</AppVersion>
      <Status>Ready</Status>
      <CreatedByClientVersion>3.24112.10.0</CreatedByClientVersion>
      <MinClientVersion>3.24112.10.0</MinClientVersion>
      <Tags>{"primaryDeviceWidth":"1366","primaryDeviceHeight":"768","supportsPortrait":"true","supportsLandscape":"true","primaryFormFactor":"Tablet","showStatusBar":"false","publisherVersion":"3.24112.10","minimumRequiredApiVersion":"2.2.0","hasComponent":"false","hasUnlockedComponent":"false","isUnifiedRootApp":"false","sienaVersion":"20241127T165040Z-3.24112.10.0"}</Tags>
      <IsCdsUpgraded>0</IsCdsUpgraded>
      <GalleryItemId xsi:nil="true"></GalleryItemId>
      <BackgroundColor>RGBA(0,176,240,1)</BackgroundColor>
      <DisplayName>ShapeControls_Page</DisplayName>
      <Description>ShapeControls_Page Initialization</Description>
      <CommitMessage xsi:nil="true"></CommitMessage>
      <Publisher xsi:nil="true"></Publisher>
      <AuthorizationReferences>[]</AuthorizationReferences>
      <ConnectionReferences>{}</ConnectionReferences>
      <DatabaseReferences>{}</DatabaseReferences>
      <AppComponents>[]</AppComponents>
      <AppComponentDependencies>[]</AppComponentDependencies>
      <CanConsumeAppPass>0</CanConsumeAppPass>
      <CanvasAppType>2</CanvasAppType>
      <BypassConsent>0</BypassConsent>
      <AdminControlBypassConsent>0</AdminControlBypassConsent>
      <EmbeddedApp xsi:nil="true"></EmbeddedApp>
      <IntroducedVersion>1.0</IntroducedVersion>
      <CdsDependencies>{"cdsdependencies":[]}</CdsDependencies>
      <IsCustomizable>1</IsCustomizable>
      <BackgroundImageUri>/CanvasApps/cr693_shapecontrolspage_96a71_BackgroundImageUri</BackgroundImageUri>
      <DocumentUri>/CanvasApps/cr693_shapecontrolspage_96a71_DocumentUri.msapp</DocumentUri>
      <AdditionalUris>
        <AdditionalUri>/CanvasApps/cr693_shapecontrolspage_96a71_AdditionalUris0_identity.json</AdditionalUri>
      </AdditionalUris>
    </CanvasApp>
    <CanvasApp>
      <Name>cr693_screen3_c4141</Name>
      <AppVersion>2024-11-28T16:06:00Z</AppVersion>
      <Status>Ready</Status>
      <CreatedByClientVersion>3.24112.10.0</CreatedByClientVersion>
      <MinClientVersion>3.24112.10.0</MinClientVersion>
      <Tags>{"primaryDeviceWidth":"1366","primaryDeviceHeight":"768","supportsPortrait":"true","supportsLandscape":"true","primaryFormFactor":"Tablet","showStatusBar":"false","publisherVersion":"3.24112.10","minimumRequiredApiVersion":"2.2.0","hasComponent":"false","hasUnlockedComponent":"false","isUnifiedRootApp":"false","sienaVersion":"20241128T153327Z-3.24112.10.0"}</Tags>
      <IsCdsUpgraded>0</IsCdsUpgraded>
      <GalleryItemId xsi:nil="true"></GalleryItemId>
      <BackgroundColor>RGBA(0,176,240,1)</BackgroundColor>
      <DisplayName>Screen3</DisplayName>
      <Description xsi:nil="true"></Description>
      <CommitMessage xsi:nil="true"></CommitMessage>
      <Publisher xsi:nil="true"></Publisher>
      <AuthorizationReferences>[]</AuthorizationReferences>
      <ConnectionReferences>{}</ConnectionReferences>
      <DatabaseReferences>{}</DatabaseReferences>
      <AppComponents>[]</AppComponents>
      <AppComponentDependencies>[]</AppComponentDependencies>
      <CanConsumeAppPass>0</CanConsumeAppPass>
      <CanvasAppType>2</CanvasAppType>
      <BypassConsent>0</BypassConsent>
      <AdminControlBypassConsent>0</AdminControlBypassConsent>
      <EmbeddedApp xsi:nil="true"></EmbeddedApp>
      <IntroducedVersion>1.0</IntroducedVersion>
      <CdsDependencies>{"cdsdependencies":[]}</CdsDependencies>
      <IsCustomizable>1</IsCustomizable>
      <BackgroundImageUri>/CanvasApps/cr693_screen3_c4141_BackgroundImageUri</BackgroundImageUri>
      <DocumentUri>/CanvasApps/cr693_screen3_c4141_DocumentUri.msapp</DocumentUri>
      <AdditionalUris>
        <AdditionalUri>/CanvasApps/cr693_screen3_c4141_AdditionalUris0_identity.json</AdditionalUri>
      </AdditionalUris>
    </CanvasApp>
  </CanvasApps>
  <Languages>
    <Language>1033</Language>
  </Languages>
</ImportExportXml>